{"cameraMode":{"drawMode":0,"name":"Shaded","section":"Shading Mode"},"sceneLighting":false,"audioPlay":false,"sceneViewState":{"m_AlwaysRefresh":false,"showFog":true,"showSkybox":false,"showFlares":true,"showImageEffects":true,"showParticleSystems":true,"showVisualEffectGraphs":true,"m_FxEnabled":true},"in2DMode":false,"pivot":{"x":540.9065551757813,"y":311.8566589355469,"z":1297.5584716796875},"rotation":{"x":0.016680223867297174,"y":-0.9716905355453491,"z":-0.07274124771356583,"w":-0.22461053729057313},"size":0.21650634706020356,"orthographic":false}