{"cameraMode":{"drawMode":0,"name":"Shaded","section":"Shading Mode"},"sceneLighting":false,"audioPlay":false,"sceneViewState":{"m_AlwaysRefresh":false,"showFog":true,"showSkybox":false,"showFlares":true,"showImageEffects":true,"showParticleSystems":true,"showVisualEffectGraphs":true,"m_FxEnabled":true},"in2DMode":false,"pivot":{"x":540.9065551757813,"y":311.8566589355469,"z":1297.5584716796875},"rotation":{"x":0.002126098843291402,"y":-0.7281058430671692,"z":0.002543604001402855,"w":0.6856067180633545},"size":0.21650634706020356,"orthographic":false}